0,1,2,3,4,5,6,7,8,9,10
1,C,1.哲学是(),科学的世界观见和方法论,科学性和革命性相统一的世界观,理论化和系统化的世界观,辩证唯物主义和历史唯物主义,,,,
2,B,2.世界观是人门在实践中形成的(),对于自然现象的基本观点,对于整个世界的根本观点,对于人生意义的独特见解,对于社会问题的具体看法,,,,
3,C,3.现代西方哲学的两股主要思潮是(),唯物主义和唯心主义,锌证法和形而上学,人本主义和科学主义,悲观主义和乐观主义,,,,
4,D,"4.认为原子是构成物质世界-切事物的最小单位,是堆切宇宙大厦的""宇宙之砖""。这是-种()",朴素唯物主义的物质观,庸俗唯物主义的物质观,锌证唯物主义的物质观,形而上学唯物主义的物质观,,,,
5,C,5.形而上学唯物主义物质观的错误是(),否认物质的客观性,否认物质的可知性,把自然科学的物质结构理论与哲学的物质范畴相混淆,把可直接感知的实物当作世界的本原,,,,
6,B,6.时间是指物质运动的(),广延性,持续性,绝对性,规律性,,,,
7,D,7.下列各项正确反映物质和运动关系的是(),"运动是内容,物质是其形式","运动是现象,物质是其本质","运动是暂时的,物质是永恒的","运动是物质的固有属性,物质是运动的主体",,,,
8,A,"8.《诗经》上说:""高岸为谷,深谷为陵""。就是说,高的堤岸可以变为深谷,深谷也可以变成丘陵。这是一种()",朴素辩证法观点,客观唯心主义观点,形而上学见点,相对主义观点,,,,
9,A,9.对立统一规律揭示了(),事物发展的动力和源泉,事物发展的状态和形式,事物发展的方向和道路,事物发展的两种趋向,,,,
10,C,"10.在唯物辩证法的科学体系中,否定之否定规律揭示了()",事物发展的动力和源泉,事物发展的状态和形式,事物发展的趋势和道路,事物发展的顺序和形式,,,,
11,D,"11.在实际工作中,要注意掌握分寸,防止""过""或""不及”，这在哲学上属于()",抓事物的主要矛盾,确定事物的质,认识事物的量,把握事物的度,,,,
12,C,"12.下列选项中,属于因果联系的是()",风来雨至,冬去春来,摩擦生热,电闪雷鸟,,,,
13,B,"13.马克思主义哲学批判地吸取的黑格尔哲学的""合理内核”是()",唯物主义思想,锌证法思棋,可知]论思想,决定论思想,,,,
14,A,14.辩证法发展过程中经历的三种历史形态是(),朴素辩证去、唯心辩证去、唯物辩证法,唯物辩证法、社会辩锌证法、自然辩证法,唯心辩证去、系统辩证去、科学辩证法,自然辩证去、历史辩证去、革命辩证法,,,,
15,C,15.一切唯物主义都坚持(),"物质决定意识,意识具有能动性","物质是运动的,运动形式具有多样性","物质第一性,意识第二性",社会存在第一性.社会意识第二性,,,,
16,D,16.古代朴素唯物主义把世界的本原归结为(),客观见存在的各种物体,宇宙中存在的一切现象,物质的具体形态和结构,"某种具体的""原初物质""",,,,
17,D,17.运动和静止的关系属于(),必然和偶然的关系,内容和形式的关系,本质和现象的关系,绝对和相对的关系,,,,
18,D,"18.中国古代哲学家荀子说:""天行有常,不为尧存,不为桀亡。”这句话体现的哲学道理是()?",物质运动规律具有普遍性,物质运动规律具有重复性,物质运动规律具有稳定性,物质运动规律具有客观性,,,,
19,C,"19.从本质上说,意识是()",绝对精神的表现,人脑的主见创造,人脑对客观世界的反映,人脑分必的特殊物质,,,,
20,C,"20.唯物辩证法认为,发展是()",事物永不停息的运动变化,事物从过去到现在再到将来的变化,事物由低级到高级的运动变化,事物由小到大、由少到多的变化,,,,
21,C,"21.矛盾具有两个基本属性,其中一个是同一性,另一个是()",普遍性,特殊性,斗争性,客观性,,,,
22,A,"22.""两点论""和""重点论""统一的原理,要求我门在社会主义建设中)","既要坚持经济建设为中心,又要做好其他各项工作","既要坚持四项基本原则,又要实行改革开放","既要量力而行,又要积极进取","既要坚定信心,又要有克服困难的准备",,,,
23,A,"23.下列选项中,体现矛盾双方相互转化这一哲学道理的是()","乐极生悲,苦尽甘来","月晕而风,出润而雨","千里之行,始于足下","野火烧不尽,春风吹又生",,,,
24,B,24.唯心主义的两种基本形式是(),形而上学唯心主义和辩证唯心主义,主观唯心主义和客观唯心主义,切底的唯心主义和不切底的唯心主义,自然观上的唯心主义和历史观上的唯心主义,,,,
25,C,"25.在哲学基本问题上,唯心主义的主要错误是()",认为世界是不可认识的,主张物质和意识都是世界的本原,否认物质对意识的决定作用,抹煞意识对物质的能动作用,,,,
26,B,"26.马克思主义认为,哲学是()",科学的世界观见和方法论,系统化理论化的世界观,人们自发形成的世界观,人们对人生目的意义的根本观点,,,,
27,C,"27.辩证唯物主义所说的静止,是指运动的()",必要准备,外在表现,一种特殊状态,一种必然结果,,,,
28,C,28.相对静止是指(),事物绝对不动,事物永恒不变,事物运动的特殊状态,事物运动的普遍状态,,,,
29,A,29.任何意识都是人脑对客观世界的(),主观反映,歪曲反映,虚幻反映,正确反映,,,,
30,D,"30.唯物锌证法认为,发展的实质是()",事物数量的增加,事物的一切变化,事物根本性质的变化,新事物的产生和旧事物的灭C二,,,,
31,D,"31.""天不变,道亦不变”。这是一种()",主观唯心主义观点,朴素辩证法观点,相对主义观点,形而上学见点,,,,
32,C,"32.有的哲学家认为,世界上的─切现象都是有原因的,因而-切都是必然的,偶然性是不存在的。这是一种)",庸俗唯物主义观点,唯心主义非决定论观点,形而上学的机械决定论观点,锌证唯物主义决定论观点,,,,
33,B,"33.在唯物证法的科学体系中,揭示事物发展动力和源泉的规律是()",质量互变规律,对立统一规律,否定之否定规律,本质决定现象规律,,,,
34,D,"34.在现实中还没有充分的根据,也不具备必要的条件,在目前不能实现的可能性,属于)",较差的可能性,微小的可能性,现实的可能性,抽象的可能性,,,,
35,D,"35.下列选项中,属于内容与形式关系的是()",世界观与方法论的关系,哲学与具体科学的关系,实践与理论的关系,国体与政体的关系,,,,
36,C,36.对哲学基本问题第二个方面的不同回答是划分(),唯物主义和唯心主义的标准,反映论和先验论的标准,可知论和不可知论的标准,锌证法和形而上学的标准,,,,
37,C,37.矛盾的斗争性和同一性的关系是(),本原和派生的关系,主要和次要的关系,绝对和相对的关系,根据和条件的关系,,,,
38,C,38.空间的特性是(),一维性,二维性,三维性,多维性,,,,
39,C,39.马克思主义哲学是(),科学之科学,关于客观世界一切规律的科学字,关于自然、社会和思维发展普遍规律的科学,思维活动及其发展规律的科学字,,,,
40,A,40.主张没有物质的运动的观点是(),唯心论,不可知论,机械唯物论,朴素唯物论,,,,
41,D,41.矛盾斗争的无条件性是指（),不需要任何条件,能脱离同一性而进行斗争,不被任何条件所限制,能打破特定条件的限制,,,,
42,D,42.事物的质是指(),事物的规模和发展程度,事物中所包含的维持其存在的方面,事物保持其质的量的限度,使事物成为它自身并区别于他事物的内在规定性,,,,
43,B,43.时间和空间是(),物质的两种属性,运动着的物质的存在形式,整理认识材料的工具,感觉系列调整了的体系,,,,
44,B,"44.劳动在人类意识产生过程中起了决定作用,这是因为劳动（)",使自然环境发生了变化,为意识的产生提供了客观需要和可能,为人类提供了生活资料,使人更好地适应自然,,,,
45,C,45.量变和质变的根本区别是(),"量变是渐斩进的,质变是突然的","量变是不显著的,质变是显著的","量变是在度的范围内的变化,质变是超出度的范围的变化","量变是以数量规定的,质变是以属性规定的",,,,
46,A,46.现实可能性是指(),现实中有充分根据和必要条件的可能性,"现实中虽有一定根据,但根据尚未充分展开的可能性","目前尚未实现,将来可以实现的可能性",实现的可能性,,,,
47,A,47.爆发式飞跃是(),解决矛盾的一种对抗的质变形式,解决矛盾的非对抗性的质变形式,新质要素的逐渐积累,量变和质变的相互转化,,,,
48,C,48.法律规范的贯彻(),靠社会舆论和习惯来实现,靠社会成员的自觉遵守来实现,靠国家强制执行,靠自由讨论来实现,,,,
49,A,"49.事物的发展既是连续的又是非连续的,这是（)",锌证法的见点,形而上学的观见点,二元论的见点,诡辩论的见点,,,,
50,B,50.意识对物质反作用的基本途径是(),个人的主观努力,社会实践,社会的客观物质条件,主观条件和客观条件的统一,,,,
51,D,51.事物的否定方面是指(),事物中处于主导地位的方面,事物中消极的方面,事物中维持其存在的方面,事物中促使其灭亡亡的方面,,,,
52,B,52.马克思主义哲学的研究对象是(),关于物质世界的普遍联系和永恒发展,关于自然、社会和思维发展的一般规律,关于社会存在和社会意识相互作用的规律,关于理论和实践相互作用的规舰律,,,,
53,D,53.设想没有运动的物质是(),主观唯心主义的见点,客观唯心主义的见点,锌证唯物主义的见点,形而上学唯物主义的观点,,,,
54,A,54.时间是(),物质运动的持续性,物质运动的广延性,人们整理感觉材的形式,人门头脑中形成的观念,,,,
55,B,55.意识的本质是(),各种感觉的宗合,人脑对客观存在的反映,人脑分必的特殊物质,"""绝对精神”的体现",,,,
56,D,"56.意识是人脑的机能,是说()",意识是人脑自生的,意识是人脑的一种分泌必物,人脑是产生意识的源泉,人脑是产生意识的物质器官,,,,
57,A,"57.一些地方的人们掠夺性地滥挖草原上的甘草,虽获得了一定的经济利益,却破坏了草原植被,造成土地荒漠化,一遇大风,沙尘暴铺天盖地而至,给人们带来了巨大灾难。这些人的做法违背了()",事物普遍联系的见点,事物永恒发展的见点,量变和质变统一的观点,必然性和偶然性统一的观点,,,,
58,A,58.芹菜、菲菜、白菜、菠菜等与蔬菜的关系属于(),个别与一般的关系,偶然与必然的关系,现象与本质的关系,形式与内容的关系,,,,
59,D,59.揭示事物发展是前进性和曲析性统一的规律是(),联系和发展的规律,对立统一规律,质量互变规律,否定之否定规律,,,,
60,C,"60.下列选项中,比叱喻新事物必然取代旧事物的是()","夕阳无限好,只是近黄昏","欲穷千里目,更上一层楼","沉舟侧畔千帆过,病树对前头万木春","黄河之水天上来,奔流到海不复回",,,,
61,B,"61.""或然率”这个概念是对（)",相对性在量上的说明,可能性在量上的说明,必然性在量上的说明,偶然性在量上的说明,,,,
62,A,"62.对物质和意识哪个是第-性问题的不同回答,形成了哲学上的两大基本派别。这两大基本派别是()",唯物主义和唯心主义,锌证法和形而上学,一元论和二元论,可知论和不可知论,,,,
63,D,"63.马克思主义哲学认为,物质的唯一特性是()",广延性,持续性,可知性,客观实在性,,,,
64,C,64.唯物辩证法的实质与核心是(),内容和形式相互作用规律,否定之否定规律,对立统一规律,质量互变规律,,,,
65,D,65.人们正确发挥主观能动作用的根本途径是(),认识客观规律,制定周密计划,依靠广大群众,参口社会实践,,,,
66,C,"66.马克思主义认为,世界的真正统一性在于它的()",广延性,存在性,物质性,可知性,,,,
67,A,67.哲学的基本问题是(),物质和意识的关系问题,物质和运动的关系问题,物质和时空的关系问题,理论和实践的关系问题,,,,
68,D,"68.马克思主义认为,社会生活在本质上是()",联系的,精神的,发展的,实践的,,,,
69,B,"69.唯物锌证法有两个总特征,━个是普遍联系的观点,另一个是()",质量互变的观见点,永恒发展的观见点,对立统一的观点,锌证否定的观见点,,,,
70,B,70.提示事物发展形式和状态的规律是(),否定之否定规律,质量互变规律,对立统一规律,内容和形式相互作用规律,,,,
71,D,"71.在客观规律面前,人的主观能动性表现在()",人可以创造规律,人可以消灭规律,人可以改变规律,人可以认识和利用规律,,,,
72,C,"72.""一把钥匙开一把锁""。这句话虽调的是,在解决复杂问题时()",要具体地分析矛盾的斗争性,要具体地分析矛盾的同一性,要具体地分析矛盾的特殊性,要具体地分析矛盾的普遍性,,,,
73,C,"73.1.恩格斯把费尔巴哈等旧唯物主义者称为""半截子”唯物主义者,并指出真正的唯物主义者在理解现实世界(自然界和历史)时是“按照它本身在每一个不以先入为主的唯心主义怪想来对待它的人面前所呈现的那样来理解……除此以外,唯物主义并没有别的意义”。这里的“半截子”主要是指())","在坚持唯物论的同时,没有把唯物论和辩证法相结合","在承认物质决定意识的同时,否认物质与意识的同一性","在自然观上是唯物主义的,在历史观上则陷入唯心主义","把客观事物看作既成的事实,但不承认事物的变化发展",,,,
74,C,74.马克思一生中最重要的理论发现是创立了(),辩证唯物主义和历史唯物主义,社会主义和共产主义学说,唯物史观和利余价值学说,无产阶级革命和无产阶级专攻学说,,,,
75,A,"75.哲学基本问题的第一方面,即思维和存在何者为第一性的问题是区分()",唯物主义与唯心主义的标准,可知论与不可知论的标准,证法与形而上学的标准,唯物史观与唯心史观的标准,,,,
76,A,"76.著名历史学家哲森斯认为,在公元前1000年左右,希腊、以色列、E印度和中国四大古代文明都曾先后以不同的方式经历了“哲学的突破”阶段。所谓“哲学的突破”即对构成类夕处境之宇宙的本质产生了一种理性的认识。所以,最刃产生了一个历史的高峰,艮]历史的“轴心时代”,此后的历史只是围绕着这些由心展开。马克思主义的历史观否认这种对历史的看法,“轴心时代""的观点错误的地方在于(）","否定历史客观性,承认历史唯心主义",过分调历史中的主体能动性,对真理的具体性、条件性看去,英雄创造历史的唯意志主义观点,,,,
77,D,"77.黑格尔认为:""自然界只是观念的外化'它在时间上不能发展,只是在空间中展示自己的多样性。”这一观点是()",形而上学唯物主义,锌证唯物主义,主观唯心主义,形而上学唯心主义,,,,
78,A,"78.在互联网上,有人发起""超能力""的培讲课程,教学员利用""本我的意念”来移动物体的置甚至是直接改变物质结构。这是信奉()",精神主宰客见物质世界的主观见唯心D精神就是脱离人脑独立存在的客观唯心论,人的思想是特殊物质的机械唯物主义,人具有主观能纭动性的辩证唯物主义,,,,,
79,A,"79.对概念下定义的方式通常有多种,列宁对辩证唯物主义物质范畴的定义是通过()",物质与意识的关系界定的,个别与一般的关系界定的,认识与实践的关系界定的D物质的属性进行界定的,,,,,
80,B,"80.马克思主义的物质观与其他 学派别有很大的不同,马克思主义哲学认为物质的唯━特性是客观实在性。""客观实在”是指()D人类能够实在感矢知的自然事物",物质的具体形态和具体结构,不以人的意志为转移,看得见、摸得着的实物,,,,,
81,A,"81.马克思说:""人在劳动过程结束时得到的结果,在这个过程开始时就已经在劳动者的表象中存在着,即已经观念地存在着。“人的活动的整个过程,就是围绕着""观念地存在着”的目标和蓝图而进行的。这说明了()",意识具有能动作用,人比动物有着更好的记忆力,观念的作用不能忽略,人的劳动过程具有特殊性,,,,
82,A,"82.恩格斯说:""-个民族要站在科学的高峰,就-刻也不能没有理论思维。”这是因为()",正确的意识对事物的发展起积极作用,意识的能动作用使事物向正确方向发展,意识能够改造客观事物,只有正确的意识才能反作用于客观事物,,,,
83,B,"83.在二维平面上模拟三维空间交效果一直是人类视觉艺术的焦点问题,3D街头地画可看乍这一艺术逻辑在当代的重要发展和延伸。所谓3D街头地画,顾名思义就是将画作展示于地上以求得立体的艺术效果。它以室夕外地面为媒介，利用平面透视见的原理,制造出视觉上的虚报立体效果,令参观者有一种身临其境的感觉。景物立体、细腻、逼真,往往能达到以假乱真的艺术效果。虽然画是二维豹,只是三维现实空间中实际物体的一部分，而人脑则通过这个部分将其想象成完整情形。这表明()",空间具有三维性,意识是对客观对象的能动反映,意识是人脑产生的特殊物质,意识具有相对独立性,,,,
84,D,"84.(坛经)中记载:“时有风吹幡动,一僧曰风动,一僧曰幡动,议论不已。惠能进曰:不是风动,不是幡动,仁者心动""这段话表明慧能关于运动的基本观点是()",运动是物质的根本属性,运动和物质是不可分割的,精神运动是物质运动的一种形式,精神是运动的主体,,,,
85,B,"85.""运动应当从它的反面即从静止中找到它的量度。”因为静止是()",运动的根本属性和存在方式,过去运动的结果和未来运动的出发点,运动的原因和根据,运动的基础和承担者,,,,
86,C,"85.古语云""机不可失,时不再来。”从哲学的角度、这句话说明了()",时间的客观性,时间的绝对性,时间的一维性,时间的无限性,,,,
87,B,"86.1972年,物理学家约瑟夫.黑费勒设计了一个实验,把钜原子钟装进喷气式客机里进行环球飞行。这个实验证明,当飞机上的乘客回家时,他们要比其他同龄人年轻""一个微乎其敞但可以测量的时间""。这说明,时间具有()",客观性,相对性C.有限性,一维性,,,,,
88,D,"87.如果不进行施工建设,图纸上的建筑物永远只会存在于图纸中,而绝不会变成现实中的高楼大厦。从哲学的角度来看,是因为实践具有()",社会历史性,客观规律性,自觉能动性,直接现实性,,,,
89,D,"88.“动物仅仅利用外部自然界,简单地通过自身的存在在自然界中引起变化;而人则通过他所做出的改变来使自然界为自己的目的服务。""这表明人类世界和自在世界分化与统一的基础是()",意识,物质,存在,实践,,,,
90,D,"89.恩格斯曾说过:“我们不要过分陶卒于我们又对自然界的胜利。对于每-次这样的胜利,自然界都报复了我们。每-次胜利,在第一步都确实取得了我们预期的结果,但是在第二步和第三步却有了完全不同的、出乎预料斗的影响,常常把第一一个结果又取消了。美索不达米亚、希腊、小亚细工亚以及其他当地的居民,为了想得到耕地,把树都砍完了,但是他们做梦也想不到,这些地方今天竟因此成为荒芜不毛之地。”这段话说明()",人与自然的和谐最终以恢复原始生态为归宿,人们改造自然的行为都会遭到“自然界的报复”,人在自然界面前总是处于被支配的地位,人们应合理地调节人与自然之间的物质交换,,,,
91,B,"90.云南省地处我国边陲,气侯温暖湿润,是我国少数民族最多的省份。该省经过分析认为,虽然具有资源、气候、区位三大优势,但也有基础产业薄弱、经济结构单一、居民文化素质较低的三大劣势。根据这种状况,该省制定了自己的发展我略,即建设绿色经济虽省、民族文化大省和中国面向东南亚的国际大通道。云南省制定的这一-发展战略,体现了()",事物是运动、变化、发展的,"─切从实际出发,实事求是",矛盾的主要方面和次要方面的辩证关系,事物发展过程是前进性和曲折性的统一,,,,
92,D,"91.""城门失火,殃及池鱼”,这一典故包含的哲学寓意是()",事物的联系是本身所固有的,―切事物都是发展变化的,事物的现象是本质的表现,"任何事物都不能孤立存在,都同其他事物处于一定的联系之中",,,,
93,D,"92.""芳林新叶催陈叶,流水前波让后波""体现了新、旧事物之间的评证关系。区分新、旧事物是理解锌证法的关键,这两者的区别在于()",出现时间的先后,形式的新|日,力量大小的对比,同客观规律和发展的必然趋势是否符合,,,,
94,C,"93.辩证法三大规律均是对""发展”的观点进行深化和拓展,其中""量变质变定律”解释了事物发展的()",方向和道路,结构和功能,形式和形态,源泉和动力,,,,
95,C,"94.""善泳者弱,善骑者堕,各以其所好反自为祸"",这句古话包含的哲理是()",要透过现象认识事物本质,矛盾的主要方面决定事物的本质,矛盾在一定条件下可以相互转化,矛盾是事物发展的动力,,,,
96,C,"95.""良机对于懒情没有用,但勤劳可以使最平常的机遇变成良机。”这句话表明()",外因是由事物的内部矛盾引|起的,外因对事物发展的作用是可有可无的,内因是事物发展的根本原因,内因通过外因起作用,,,,
97,C,"96.中医在实践中逐渐形成了一种""取类比象”的思维方法:""取类"",把长期实践中积累的经验集中起来,发现事物之间的相类性,“观其所聚,而天地万物之情可见矣”;“比象""”，在对""类”有了认识之后,“因而伸之,触类而长之""。中医""取类比象”的思维方法说明()",抓住主要矛盾即可获得实践的成功,矛盾同一性与斗争性无去共存,矛盾普遍性与矛盾特殊性是相互联结的,从整体着眼可以把握事物部分的性质,,,,
98,D,"97.俗话说“过犹不及”,我们在工作中要尽量防止""过”和""不及”。把握这一点的关键在于()",抓住事物的主要矛盾,认识事物的量,确定事物的质,把握事物的度,,,,
99,D,"98.鲁迅在评《三国演义》时说:""至于写人,亦颇有失,以致欲显刘备之长厚而似伪,状诸葛之多智而近妖”这评述所蕴含的哲理是()",要区分事物的两重性,"对事物既要肯定,又要否定",要把事物看作━个整体,要把握事物的度,,,,
100,B,"99.西方有一句名言:""生命中最伟大的光不在于永不坠落,而是坠落后总能再度升起。“这告诉我们()",人生就是在失败和成功中反复,事物的发展是前进性与曲折性的统一,要成功必须经历失败,事物发展是━个周而复始的过程,,,,
101,C,"100.事物内部的肯定方面和否定方面的对立统一运动,从表现形式上看是()",事物自我完善和发展的过程,新事物战胜|日事物的过程,螺旋式上升或波浪式前进的过程,不断周而复贻的循环过程,,,,
102,B,"101.“凡事预则立,不页则废""，在哲学上反映的是()",可能和现实的关系,原因和结果的关系,现象和本质的关系,必然和偶然的关系,,,,
103,C,"102.“我国发展仍处于可以大有作为的重要战略机遇期既面临难得的历史机遇,也面对诸多可以预见和难以预见的风险挑战。我们要增强虽机遇意识和尤患意识。”从唯物辩证法的角度看,把握有利于事物发展的机遇,就是正确散处理()",原因和结果的辩证关系,现象和本质的辩证关系,必然和偶然的辩证关系,可能和现实的辩证关系,,,,
104,C,"103.虎求百兽而食之得狐。狐曰:""子无敢食我也。天帝使我长百兽,今子食我,是逆天帝命也。子以我为不信,吾为子先行,子随我后,观百兽之见我而敢不走乎!”虎以为然,故遂与之行。兽见之皆走。虎不知兽畏己而走也,以为畏狐也。虎之所犯这种错误,在于割裂了()",必然与偶然之间的关系,内容与形式之间的关系,本质与现象之间的关系,可能与现实之间的关系,,,,
105,D,"104.一只筷子放入盛满清水的杯中,看上去像是被折断了一样。对这一事实,下列说法正确的是（)",通过感官感矢Q的都是对客观事物真实的反映,人们看到筷子是弯曲的完全是一种主观的错觉,筷子的本质无法通过现象表现出来,这是一种用歪曲形式表现本质的现象,,,,
106,A,5.主观锌证法是思维辞证法、逻辑锌证法。它与客观辩证法的关系是(),反映与彼反映的关系,唯心辩证法与唯物辩证法的关系,唯物主义与唯心主义的关系,抽象与具体的关系,,,,
107,C,"106.恩格斯说:“实际上,蔑视锌证法是不能不受惩罚的。对一切理论思维尽可以表示那么多的轻视,可是没有理论思维,的确无法使自然界中的两件事联系起来或者洞察二者之间的既有的联系。""这说明()",规律是事物运动发展中的本质的、必然的、稳定的联系,人们在客规律面前是消极被动、无听作为的,正确的理论思维能使人们增强驾驭规律的能力,客观性是规律的根本特性,,,,
108,A,"107.自然规律和社会规律之间有一定的联系,也有区别。两者之间的联系主要表现在()",自然规律和社会规律都具有不以人的意志为转移的客观性,自然规律是作为一种盲目的无意识的力量起作用的,社会规律是通过抱有一定目的和意图的人的有意识的活动实现的,"在社会规律中存在着主客观的 相互制约关系,而自然规律设有",,,,
109,A,"1O8.""━切皆有命,半点不由心”,这种宿命论的错误在于 （)","否认人的自觉活动,夸大社会规舰律的必然性","否认社会规律的必然性,夸大人的自觉活动",既否认人的自觉活动又否认社会规律的必然性,否认社会规律可区分为一般规律、特殊规律和个别规律,,,,
110,D,"109.“茉莉、米兰香气袭人,可花并不艳丽;君子兰、牡丹雍容华贵,但并不那么香;玫瑰倒是色香俱全,却有刺。鲜者,取其鲜;香者,取其香;带刺者,更宜贵其鲜而香。”这段话给我们的启示是()",只有正确的意识才是对客观事物的反映,实践是检金真理的唯一标准,事物的性质是由主要矛盾决定的,看问题既要分为二，又要分清主次,,,,
111,B,"120.如果把一只青蛙直接放进热水锅里它会迅速跳出锅外;如果把一只青蛙放进冷水锅里,慢慢地功口温,青蛙并不会立即跳出锅外,水温逐渐提高的最终结局是青蛙被煮死了,这是因为等水温高到青蛙无法忍受时它已经来不及或者说是没有能力跳出锅外了。这说月()",否定因素是事物发展的动力,事物发展是量变与质变的统,偶然性决定事物的发展方向,联系是无条件的、主观的,,,,
112,D,"121.“哲学史宛如]色彩玟汪阑的壁毯,其中唯物主义与唯心主义犹如粗重的经线贯穿上下,而辩证法与形而上学如同纬纱交织其中。”这句话形象地苗绘了唯物主义和唯心主义以及辩许证法与形而上学在哲学发展史上的对立和斗争。以下说法正确的是()",唯物主义就是辩证法,唯心主义就是形而上学,唯物主义、唯心主义和辩证法、形而上学是对哲学基本问题两个方面 的不同回答,唯物主义与唯心主义的对立和斗争中交织着辩证法与形而上学的对立和斗争,,,,
113,A,"122.唯物主义和唯心主义这两个专门的哲学术语有着特定的含义和确定的标准,不能随意乱用,也不能另立标准,否则会造成混乱。这里所说的特定含义和确定标准是指()",对世界本原究竟是物质还是精神的回答,对存在和思维是否具有同-性的回答,对社会存在与社会意识关系的回答,对世界是怎样存在的问题的回答,,,,
114,C,123.唯物主义一元论同唯心主义一元论对立的根本点在于（),世界发展动力问题,意识本质问题,世界本原问题,实践本质问题,,,,
115,C,"124.物质的唯一特性是客观实在性,""客观实在""是指()",人类能够实在感Q的自然事物,物质的具体形态和具体结构,"存在于人的意识之外,不以人的意志为转移",看得见、摸得着的实物,,,,
116,A,"125.相信""意念移物”,甚至相信可以用意念来直接改变物质结构,就是信奉()",主张精神主宰客观物质世界的主观唯心论,主张精神是脱离人脑独立存在的客观唯心论,认为人的思想是特殊物质的机械唯物主义,认为人具有主观能动性的实践唯物主义,,,,
117,D,"126.""心\诚则灵,心不诚则不灵”的说法是()",主张物质和意识具有统性的辩证唯物主义观点,主张思想就是物质的庸俗唯物主义观点,认为世界是绝对精神外化的客观唯心主义观点,夸大了意识能动作用的唯心主义观点,,,,
118,B,"127.物质的唯一特性是客观实在性,它不依赖于人类的意识而存在,可可以为人的意识所反映。哲学上的物质范畴是对物质世界多样性和统一性所作的最高的哲学既括,它与自然科学关于具体的物质形态和物质结构概念之间的关系是(）",整体和部分的关系,共性与个性的关系,系统与要素的关系,两个同等程度的范畴,,,,
119,A,128.列宁对证唯物主义物质范畴的定义是通过(),物质与意识的关系界定的,个别与一般的关系界定的,哲学与具体科学的关系界定的,认识与实践的关系界定的,,,,
120,A,"129.物质和意识的对立只有在非常有限的范围内才有绝对的意义,超过这个范围便是相对的了,这个范围是指()",物质和意识何者为第一性,物质和意识是否具有统一性,物质和意识何者更重要,物质和意识何者与社会生活的关系更密切,,,,
121,A,"130.不少人体验过这样的小测试:面对网一张人物肖像,有人看到了满脸皱纹的老太太,有人看到的却是正位青春妙脸的年轻姑娘。关注角度、聚焦方位不同,看到的图像竟也存在天壤之别。对同一张肖像的两种看法都是()",客观事物的主观映象,对现实世界的歪曲反映,人脑中固有形象的表现形式,意识主观自生的产物,,,,
122,D,"131.意识是客观世界的主观映象,这说明()",意识来源于人脑,意识是连结主体和客体的中 介,意识是客观精神的主观映象,意识的内容是客观的、形式是主的,,,,
123,C,132.爱因斯坦在创立相取对论的过程中采用了独特的“思想实验”。他的“思想实验”不是在实验室中而是在思想中进行所使用的不是仅器设备而是严密的逻辑和数学的推导。这说明(),精神的力量可以代替物质的力量,间接经验比直接经验更重要,意识活动是一个主动的创造性过程,逻辑推导是检验真理的标准乙―,,,,
124,C,"133.""少年安得长少年,海波尚变为桑田。N唐代诗人李贺的这一诗句体现了()",运动具有一维性,运动是静止的衡量尺度,运动是物质的根本属性和存在方式,运动是物质的唯一特性,,,,
125,B,"134.在长期舶的生产活动中,我国北方农民总结出“白露早,寒露迟,秋分种麦正当时”的农彦。但随着全球气候变暖,我国北半球气候带北移,如今北方冬小麦的播种实践已经变成了""寒露种麦正当时”。这说明()",自然规律的变化取决于人的观察结果,一切事物都处在永恒的运动、变化和发展之中,主观能动性和客规律性相互影响、相互决定,认识是━个仁者见仁智者见智的永无定论的过程,,,,
126,D,"135.心理学家奥瑞.利欧斯说:""如果你对周围的任何事物都感到不舒服,那是你的感受造成的,并非事物本身如此。能够对感受进行调整,你就可以在任何时候都振作起来。""这段话蕴含的哲学原理是()",事物的存在并非都是客观的,内因与外因相互转化,事物的价值完全取决于主观感觉,意识具有调控人的行为和生理活动的作用,,,,
127,B,136.运动是物质的根本属性是指(),不存在静止,运动是物质的存在方式,运动就是物质,物质就是运动,,,,
128,A,"137.2016年10月19日凌展,神舟十━号飞船与天宫二号自动交会对接成功。从电视$转播画面上来看,天官二号的对接部缓缓滑向神舟十一号飞船并最终停止,意味着二者已经形成组合体共同飞行。整个对接过程看似缓慢、平静,而实际上这两个8吨多的""大家伙”是在距离地面393公里的圆形轨道上以每秒7.9公里左右的速度在飞行。以上材料说明()",运动应当在它的对立面即静上中找到自己的尺度,机械运动是物质的唯一运动形式,静止是物质的存在方式,绝对静止只能是暂时的,,,,
129,D,"138.法国生命哲学家柏格森十分强调运动变化,以至他的哲学被称为""变的哲学”。在柏格森看来,“事物和状态不过是我们的心灵所采取的一种观点,事物是不存在的,存在的只有动作。”这句话的错误在于否认了()",世界万物是永恒发展的,运动形式具有多样性,运动是事物的存在方式和唯一属性,物质是运动的承担者,,,,
130,D,139.唯物主义运动观与唯心主义运动观的根本区别在于是否承认(),物质是运动的,运动是绝对的,静止是运动的特殊状态运动,运动是物质的运动,,,,
131,D,"140.“从辩证的观点看来,运动可以表现在它的对立面中,即表现在静止中。“这句话所蕴含的哲理是()",静止既是绝对的又是相对的,静止是运动的基础和承担者,没有脱离物质的运动,"运动和静止是相互依赖的,不了解静止就不能具体地了解运动",,,,
132,A,"141.人们用来测量时间的单位年、月、日等是靠你天体在 空间中的运动来确定的,测定宇宙天体之间距离的单位是用光 在真空中沿直线传播一年的距 离(光年)来衡衡量的。这说明()",时空与物质运动不可可分,寸空是绝对的,时空是无限的,时空是人门意识的产物,,,,
133,B,"142.北极星指的是最靠近北天极的一颗星,是夜空能看到的亮度和位置较稳定的恒星,干百年来地球上的人们门靠它的星光来导肮。实际上,由于地球自转轴存在周期性的缓慢摆动,北极星不是一成不变的,曾经的北极星会被新的更靠近北天极的恒星取代。现阶段北极星是指小熊座a星,在3000年前是天龙座a星隋唐时期北极五成了北极星,而到公元 4000年前后,仙王座Y星将成为北极星。以上材科说明()",时空是人们主观经验的产物,没有绝对静止上的事物,无条件的绝对运动是物质的唯一-特性,静止是运动的普扁状态,,,,
134,D,"143.锌证唯物主义认为,时间和空间是()","“绝对观念""的外在表现形式",人类感性直观的先天形式,"""一切事物的贮藏所""",物质运动的存在形式,,,,
135,C,"144.中国有句古话叫""万物土中生”。随着科技的发展,人们发明了不用天然土壤而采用含有植物生长发有必需元素的背养液来提供营养,使植物正常完成整个生命周期的无土栽培技术。这种技木能够在沙漠,戈壁难、海岛等无土地区种植作乍物,具有省工、省水、实现作物早热、高产赶免土壤病虫害传播、无污染等特点。这表明(）",必然性离不开偶然性,人们可以建立新的联系来改造自然规律,人可以认识并利用规律,人类可以随心所欲地改造自然,,,,
136,C,145.锌证唯物主义认为事物发展的规律是(),思维对事物本质的概括和反映,用来整理感性材料的思维形式,事物联系和发展过程中斤固有的本质的、必然的、稳定的联系,事物联系和发展的环节,,,,
137,B,"146.日前,教育部印发通如,要求开展幼儿园“小学化""专项治理工作。近年来,一些幼儿园违背幼儿身心发展规律和认加特点,提前教授小学内容、强化知识技能训练,”小学化”倾向比较严重,这不仅剥夺了幼儿童年的快乐,更挫伤了幼儿的学习兴趣,影响了身心健康发展。以上材料说明()",质变是量变的必然结果,尊重客观规律是正确发挥主观能动性的前提,只有正确的认识可以指导实践,矛盾双方相互转化推动事物的发展,,,,
138,B,"147.恩格斯指出,""马克思的整个世界观不是教义,而是方法。它提供的不是现成的教条,而是进一步研究的出发点和供这种研究使用的方法。”唯物锌证去作为关于自然、社会和人类思维发展一般规律的科学,是人们认识世界和改造世界的根本方法。唯物辩证法的总特征是()",量变和质变的观点,联系和发展的观点,对立统-的观点,锌证否定的观见点,,,,
139,C,"148.民间有一种迷信说法叫作""喜鹊叫喜、乌鸦叫丧”。这句话的错误在于否定了联系的（)",普遍性,多样性,客观性,条件性,,,,
140,A,"149.“塘基种桑、桑叶养蚕、蚕沙喂鱼、鱼粪肥塘、塘泥重桑”,折江湖州怕的这一""桑基鱼塘系统”疑结着江南水乡千百年来的劳动智慧,被联合国粮农组只在第五届全球重要衣业文化遗产国际论坛上认定为新增遗产。这一古老的中国农业智慧体现的哲理主要是()",事物是普遍联系的,"“两点论”与“重点论""相结合",绝对运动中包含着相对静上,原因与结果互相渗透,,,,
141,B,"150.刮风下雨,本是自然现象。当其在特定时间特定量级发生时,则会污生气象灾害。为防御灾害,气象部门开出了一个“药方"",即以人工方式对天气进行定程度的影响,如""打散”即将形成冰雹的云、为干旱地区进行人工增雨等,以达到防灾咸灾的效果。这说明()",人的实践活动创造物质世界,人们可以创造出事物发展所需要的条件,掌握自然规律是认识的根本目的,人与自然的矛盾只能通过科学文化实践来解决,,,,
142,B,"151.“凡事预则立,不页则度""。在哲学上反映的()",可能与现实的关系,原因与结果的关系,现象与本质的关系,必然与偶然的关系,,,,
143,D,"152.""如果偶然性不起任何作 用的话,那么世界历史就会带有非常神必的性质。""唯物证法认为()","必然性意义重大,偶然性可以忽略不计","必然性是可以预见的,偶然性是无去认识的","必然性是不可选择的,偶然性是可以选择的","必然的东西是偶然的,偶然的 东西是必然的",,,,
144,B,"153.近年来全球金市场额频发生大幅震伤,有经济学家认为2008年金危机以来形成的新的经济泡沫可能又将破裂。对此有人对过去几百年间著名的泡沫时期进行了研究。得出了这样的结论:每个泡沫都会破裂无列外。但是预则泡沫何时会达到临界状态并破灭,总是比较因难,它就像掉落到地板上的沙粒,堆成了土堆一样顶部变得日渐狭窄。在某个节点,一粒沙就会引发崩塌。谁道是哪一粒呢?以上材料蕴含的哲学原理是(）",可能性与不可能性相互转化,"必然要通过偶然表现出来,并为自己开辟道路",人类活动的结果是完全无法预见的,事物的发展就是循环往复,,,,
145,C,"154.做事情时要区分可能性和不可能性,二者的区别在于()",人的主观努力程度,对人是否有利,现实中有无根据和条件,现实中的根据和条件是否充分,,,,
146,A,"155.可能性有现实可可能性和抽象可能性之分,以下属于抽象可能性的是()",大海捞针,水中捞月,挟泰山以超北海,为长者折枝,,,,
147,A,"156.""知人善察,难眩以伪。""现象有真象和假象之分,假象是（)",从反面歪曲表现本质的现象,人们在认识中发生的错觉,与本质无关的现象,人们主观自生的见念,,,,
148,A,"157.现象有真象和假象之分,真象和假象的区别在于()","真象从正面表现本质,假象从反面歪曲地表现本质","真象深藏于事物内部,假象外露于事物外部","真象表现本质,假象不表现本质","真象是真实的,假象是一种错觉",,,,
149,D,"158.列宁说:""辩证法就是研究对象的本质自身中的矛盾。""以下说法正确的是()","“归根到底,许证法不过是每个人所固有的矛盾精神经过规律化和系统化而发展起来的”","“矛,盾的东西是个范畴。这个范畴只能归属于思想组合,而不能归属于现实”","""自然界不可能有矛盾,只是在陈述中才可能有矛盾”","矛盾“是实际生活中的实际矛盾艮即p辩锌证的矛盾,面不是字面上的、意造出来的矛,盾”",,,,
150,C,"159.没有上,就无所谓下;没有先进,就无所谓落后;没有正确,就无所谓错误。这说明()",矛盾双方是相互排斥的,矛盾双方是相互渗透的,矛盾双方是相互依存的,矛盾双方是相互转化的,,,,
151,C,160.辩证的同一是(),指事物与其自身完全等同,不包含差别的绝对同-,以差别、对立为前提的同一,不包含否定因素的同-,,,,
152,B,161.矛盾的斗争性在推动事物发展的过程中起着重要作用。以下说法正确的是(),斗争本身就是发展,斗争性是无条件的、绝对的,任何斗争都能起到推动事物发展的作用,斗争性在推动事物发展的过程中始终处于主要的方面,,,,
153,B,"162.近年来,随着比特币、IC等话题的火爆,区块涟这一概念开始走进人们的视野,中外科技公司也纷纷""拥抱”区块链。虽然一些打着区块链旗号的"")炒币""事件给这一新技术带来一些负面影响,也引|起了各国政府的重视和监管,但专家们普遍认为区块链技术有望成为继互联网、人工智能之后又一项颠覆性技术。现实中,""区块涟+""己涉及金、物流、医疗健康、文娱传媒、法律服务等各领城,用区块链技术实现食品潮源、音乐数字 版权确权、证据保全、公益善款追寻等应用也已走进百姓生活。以上材料说明()",新事物与旧事物的融合推动社会发展,矛盾的性质主要是由矛盾的主要方面决定的,对现存事物的否定中包含着对未来事物的肯定,量变是质变的必要准备,,,,
154,C,"163.当前在抗击沙谟化的斗争中,我国更加注重科学治冶理,充分考虑水分平衡问题,以水定需(量水而行,宜林则林、宜草则草、宜灌则灌。从哲学上讲,”宜林则林、宜草则草、宜藿则灌”是因为矛盾具有()",普遍性,主观性,特殊性,稳定性,,,,
155,C,"164.电这和互联网的出现以及迅速普及使得人们的工作效率大大提高,但是一系列新问题土筵之而来,电脑病毒就是冥中之一。2017年5月中旬,全球范围内多达一百多个国家的几十万台电脑遭退勒索病毒侵害,很多公司和政府部门无法办公,造成了巨大的勺损失。每一次大规莫电脑病毒的发生都会导孜新一轮的安全软件升级,但道高一尺麾高一丈,一段时间之后还是会出现新的电脑病毒。有专家表示,只要人们还在使用电脑,就无法完全杜绝新的、更高级的电脑病毒出见,人们能'敬的只是努力减少系统的漏引并不断提高自己的安全方范意识。以上事例列兑明()",矛盾只能通过一方克服另方来解决,可能性与不可能性相互转化,矛盾具有普遍性,事物在循环往复中实现发展,,,,
156,D,"165.毛泽东在(党委会的工作方法》中指出:""一个人的工作,究竟是三分成绩七分错误,还是七分成责三分错误,必须有个根本的估计。如果是七分成绩,那么就应对他的工作基本上以肯定。把成责为主说成错误为主,那就完全错了。”从唯物许证法看,这里强调的是(）",既要看到主要矛盾又要看到次要矛盾,矛盾的主要方面与次要方面既相互依赖又相互转化,无视矛盾的次要方面就不能正确认识矛盾,在认识矛盾时须着重把握矛盾的主要方面,,,,
157,C,"166.社牧在(阿房宫赋)中写道:灭六国者,六国也,非秦也:族秦者,秦也,非天下也。""这句话蕴含的哲理是()",假象无法反映事物的本质,理性认识需要感性认识来说明,"内因是事物变化的根据,外因需要通过内因才能起作用","没有正确的实践,就无法形成正确的认识",,,,
158,C,"167.""压垮骆驼的绝不仅是最后那根稻草,雪崩的时候没有-片雪花是无辜的。”从哲学上讲,这句话是在强调（)",量变和质变是直接同一的,事物的变化是否显著是区分量交和质变的根本标志,任何事物的变化都有━个量变的积累过过程,区分事物的量是认识质的前提,,,,
159,C,"168.在工作中防止""过""或""不及”的关键在于”()",抓住事物的主要矛盾,认识事物的量,把握事物的度,确定事物的质,,,,
160,C,169.事物发展过程中的“度”是指(),事物质变的关节点,事物质变的临界点,事物保持自己质的稳定性的数量界限,事物保持一定量的质的限度,,,,
161,B,"170.""君子以思患而豫防之"",有备才能无患。十丿八大以来,习近平总书记十分重视底线思维,凡事不能超越底线。如法律底线、政策底线、利益底线、道德底线等,一旦突 破这些底线,就会出现无法接受的坏结果。从哲学的角度分析,底线是指()",联系的条件性,度的关节点,主要矛盾,事物发展的连续性,,,,
162,A,"171.发证否定的实质是""扬弃”，""扬弃”是指新事物对日事物()",既克服又呆留,绝对的否定,不包含肯定的否定,外在的否定,,,,
163,B,"172.恩格斯指出:“在化学中,然素说经过上百年的实验工作才提供了一些材料。而拉瓦锡利用这种材科才在普利斯特歹列提取出来的氧气中发现了想象中的燃素的实在对立物,从而推翻了全部燃素说。但是燃素说者的实 验成果决不因此就被抛弃。正好相反。这些成果依然存在,只不过其表述被顺到过来,从然素说的语言翻译成现今通行的化学语言,因此仍然保持着自己的有效性。”这说明月〈)",辩证否定是一事物否定另事物,新旧事物是通过否定环节联系起来的,"只要敢于否定一切,历史就会向前发展",辩证否定是事物之间的相互否定,,,,
164,C,"173.事物内部的肯定方面和否定方面的对立统一运动,从表现形式上看()",是事物自我完善和发展的过程,是新事物战胜旧事物的过程,是螺旋式上升或波浪式前进的过程,是不断周而复始的循环过程,,,,
165,B,"174.""鸡蛋从外面打破是食物,从内部打破是生命。""从哲学上讲,这说明()",外因必须通过内因起作用,辩证否定是事物内部矛盾运动的结果,真理是主观性和相对性的辩锌证统一,必然产生于事物内部的根本矛盾,,,,
166,A,"175.""既念的群证法本身就变成只是现实世界的辩证运动的自觉的反映,从而黑格尔的辩证法就被倒到转过来了。""这段话表明,主观解证法与客观辩证法的关系是()",反映与彼反映的关系,唯心主义与唯物主义的关系,抽象与具体的关系,唯心辩证法与唯物辩证法的关系,,,,
167,A,"176.水葫芦,也叫水浮莲,二十世纪初作为观赏植物被引|人中国。后由于水葫芦本身含有一定的檀物蛋白,于是在二十世纪六七十年代被用作家畜尤其是猪的饲科使用,从而 得到大面积推广。没想到水葫芦的繁殖能力惊人,经常会出现抢占水面影响肮运、窒息鱼类的问题,现在单是人干打捞的费用每年就高达1亿元。这说明()",应该一分为二地看问题,事物的性质是不确定的,改造自然必然导致生态的失衡衡,自然界因人类的出现丧失了客观性,,,,
168,ACD,"1.下列说法中,符合锌证唯物主义一元论要求的有()","不唯书,不唯上,只唯实","不怕做不到,就怕想不到","─切从实际出发,实事求是",一切以时间、地点、条件为转移,,,,
169,AB,"2.下列观点中,属于唯物辩证法的总特征的有()",普遍联系的观见点,永恒发展的观见点,对立统一的观点,量变和质变的观点,,,,
170,ABD,"3.下列选项中,体现量变弓起质变这一哲学道理的有()","千里之堤,溃于蚁穴","水滴石穿,绳锯木断","近朱者赤,近墨者黑","不积田流,无以成江海",,,,
171,AC,"4.下列说法中,正确体现意识能动性的有)","胸有成竹,料事如神","纸上谈兵,画饼充饥","天下无难事,只怕有心人","不怕做不到,就怕想不到",,,,
172,ACD,5.唯物辩证法与形而上学的对立表现在是否承认(),矛盾是事物发展的源泉,世界是可可认识的,世界上的事物是普遍联系的,世界上的事物是运动发展的,,,,
173,ABCD,6.运动的基本形式有(),机械运动,物理运动,化学运动,生命运动和社会运动,,,,
174,CD,"7.必然性和偶然性是辩证统一的,割裂二者的统一可能导致()",激敖变论,庸俗进化论,机械决定论,唯心主义非决定论,,,,
175,AB,"8.任何事物都具有多方面的量的规定性,下列属于工厂的量的规定性是()",劳动生产率,生产方式,领导体制,产资料所有制形式,,,,
176,CD,9.辩证的否定观认为(),肯定中不包含否定,否定中不包含肯定,肯定中包含着否定,否定中包含着肯定,,,,
177,CD,10.从意识和物质的关系上来判断以下哪些说法是正确的(),纸上谈兵,画饼充饥,实事求是,"天下无难事,只怕有心人",,,,
178,CD,"11.从产生上说,意识主要是()",理性的产物,感性的产物,社会的产物,自然界发展的产物,,,,
179,CD,12.下列各项属于新事物优越于|日事物的原因的有(),新事物是在新的历史条件下产生的,新事物具有旧事物所没有的新形式,新事物抛弃了旧事物中消极的东西,新事物保留了旧事物中积极的因素,,,,
180,ACD,"13.在人类和人类社会形成的过程中,劳动所起的作用有()",劳动创造了人脑,劳动创造了人手,劳动推动了语言的产生与发展,劳动形成了人类的社会关系,,,,
181,AB,14.下列选项中包含矛盾同-性思想的有(),"祸兮福所倚,福兮祸所伏","物极必反,相反相成","月晕而风,出润而雨","千里之行,始于足下",,,,
182,BCD,"15.下列选项中,说明要坚持适度原则的有()",因地制宜,掌握火候,注意分寸,适可而上,,,,
183,BD,"16.唯心主义见点的产生有其认识上的原因,列宁说唯心主义哲学是生长在""人类认识这棵活生生的树上的-一朵不结果实的花”。这种观点说明唯心主义哲学()",同人类认识伴随始终,在人类认识发展过程中是难避免的,"在出现唯物主义之后,即会自动消失","在总体上是错误的,是不结果实的",,,,
184,BC,"17.下列哲学思想中,属于客观唯心主义观点的是()",我思故我在,道之大原出于天,物是绝对观念的异化,万物皆备于我,,,,
185,CD,"18.古希腊哲学家赫拉克利特认为:“这个万物自同的宇宙,既不是任何神,也不是任何人所创造的,它过去是、现在是、将来也是一团永恒的活生生的火,按照定的尺度燃烧,按照━定的尺度熄灭。”这种观点()",属于主张精神主宰物质世界的主观唯心主唯心主义,认为世界的本原是独立于人脑之外的客观精神,属于主张世界是绝对静止的形而上学,是一种混滑了物质和具体实物之间区别的朴素唯物主义观点,,,,
186,ABD,"19.马克思主义哲学""物质观"" 的提出给人们认识什么是物质带来了━场根本性的变革。其突出表现是()",物质的唯一特性是客观实在,人类实践活动也是物质的一 种形态,物质是各种实物的总和,人类社会也是物质的一种形态,,,,
187,AC,"20.意识和物质的对立只有在非常有限的范围内才有绝对的意义,超出这个范围,其对立便是相对的。这是因为()",意识根源于物质,"意识不能代替物质,物质也不能代替意识D.意识是物质的固有属性和存在形式",意识可以转化为物质,,,,,
188,BD,"21.鲁迅说:""描神画鬼,毫无对症,本可以专靠神思,所谓.天马行空地挥写了。然而他们写出来的却是三只眼、长颈子,也就是在正常的人体身上增了眼睛一只,拉长了颈子二三尺而已。""这段话表明,人们头脑中的鬼神观念()",是头脑中主观自生的,是人脑对客观世界的歪曲反映,是人脑对鬼神的虚幻反映,可以从人世间找到它的原型,,,,
189,BFH,"22.两个卖鞋子的推销员到非洲去考察业务,第━个人在发回给总部的电报中说:“糟糕极了!这里的人都不穿鞋子。""第二个人在发回给总部的电报中说:""妙极了!这里的人都不穿鞋子。""这个经典的营销学案例给我们的启发是()",精神与物质不具有同一性,意识的主体反映能力有差异,意识可由头脑自生,精神对物质具有相对独立性,意识只是对客观存在近以的反映,观念的东西不能代替物质的东西,事物在人脑中的反映不等同于事物自身,主体之间地位、兴趣与动机的差别也会造成客体在主体头脑中不同的反央
190,BD,"24.2016年3月，谷歌“阿尔法狗”与李世石上演人机五番棋大战。最终,李世石以四负一胜的结局输给了 ""阿尔法狗”。人工智能在棋盘上战胜人类,这样的结果令人惊讶。这一事件给我们的启示是()",电脑具有比人脑更高级的运动形式,"电脑是人脑的延伸,是人类扩展自己智力的工具",电脑和机器人也能进行某些实践活动,"电脑是物化了的人的意识,电脑战胜人脑实质上是人类自己战胜了自己",,,,
191,ABC,"25.赫拉克利特认为""人不能两欠踏进同一条河流""，但他的学生反驳说""人连一-次都不能踏进同一条河流"",这两种观 点理解正确的是()",前者是锌证法的观见点,后者是相对主义诡辩论,前者肯定相对静止,后者否定绝对运动,,,,
192,ABCD,"26.“物质的每一有限的存在方式,不论是太阳或星云,个别动物或动物种属,化学的化合或分解,都同样是暂时的,而且除了永恒变化着的、永恒运动着的物质及其运动变化的规律外,再没有什么永恒的东西了。""这表明()",世界上除了运动着的物质什么也没有,"世界是物质的,而物质是运动的",物质世界的运动是绝对的,世界的真正统一性在于它的物质性,,,,
193,ACD,"27.2017年3月9日,我国自主研发的“海翼”号深海滑翔机,在马里亚纳海沟完成了大深度下潜观测任务并安全回收,为我国深渊科考提供了新的科考手段。4月22日,天舟―号货运飞船和天宫二号圆满完成自动对接,填补了我国在航天领域的一个空白。我国科技的发展,令世界瞩目。这标志着()",人类有能力认识无限发展着的客观世界,人类有能力发现、改造、创造客观规律,科学技术越来越成为人类改造世界的伟大力量,自在自然日益转化为人化自然,,,,
194,BC,"28.物联网是通过信息传感设备将各种物品与互联网连接起来,实现物品的自动识别、定位、跟踪、控制和信息的互联共享。近几年来,物联网技术开始越来越广泛地应用于经济和社会生活之中,这表明()",人们可以根据自己的主观要求创造事物间的联系,"联系具有普遍性,事物之间的联系形式是多样的",人类可以根据事物固有的联系建立新的具体联系,"事物间的联系因具有“人化""的特点进而主观化",,,,
195,ABCD,"29.英国“零碳馆”是上海世博会城市最佳实践区内的,颗耀眼的明珠,它的原型---伦敦“零碳村”,有自己的小型热电联产站、污水处理站和雨水收集系统。各个系统的联动使得这里的采暖能耗、用水量和用电量大大低于英国的平均水平,更重要的是,对社会的碳排放为零。这表明()","联系是客观的,我们要善于分析事物的联系以造福人类","联系是普遍的,我们要确立整体性、开放性的观念","我们应遵循规律,正确处理人与自然、人与社会的相互关系","坚持系统的观点,从动态中考察事物的整体联系",,,,
196,ABC,"30.《国语.郑语》中:""夫和实生物,同则不继。以他平他谓之和,故能丰长而物归之。若以同裨同,尽乃弃矣。""这里包含的辩证法思想有()",矛盾的同一是包含差别的同,对立面的统一是事物发展的动力,不包含内部差别怕的事物就不能存在和发展,矛盾的一方只有克服另方才能达到统一,,,,
197,AD,"31.习近平总书记在十九大报告中呼吁各国人民同心协力,构建人类命运共同体,要相互尊重、平等协商,坚决摒弃冷战思维和强权政冶,走对话而不对抗、结伴而不结盟的国与国交往新路。这条新路就是有别于传统地缘政治的对抗与战争之路,是一条合作共赢共同发展之路。这体现了()",世界是普遍联系的,矛盾的对立面之间只有在消灭彼此后才能解决矛盾,矛盾的斗争性对事物的发展起决定性作用,矛盾的斗争性寓于同-性之中,,,,
198,ABD,"32.中国古代哲学家公孙龙提出的""白马非马""的命题,其错误是割裂了事物的()",一般和个别的关系,共性和个性的关系,整体和部分的关系,普遍和特殊的关系,,,,
199,AC,"33.中国古代思想家荀子的《劝学》中有句名言:""不积跬步,无以至千里;不积小流,无以成江海。”这句话强调了()",事物的发展是━个不断量变的过程,事物的发展是━━个不断质变的过程,量变是质变的必要准备,质变是量变的必然结果,,,,
200,AC,"34.古人云:“马长于日行千里,猫长于潜伏捕鼠,雄鸡长于报晓司晨,若猫司晨,鸡行路,马捕鼠则长皆失。”这说明()",矛盾的特殊性是一事物区别于其他事物的重要标志,同一事物的矛盾在不同发展阶段各有不同的特点,矛盾着的事物及其每━个侧面各有其特点,矛盾的普遍性寓于特殊性之中,,,,
201,ABCD,"35.博弈论提出过个“零和游戏""的理论,即一项活动中,胜方所得与负方所失相同,两者相加,正负相抵,和数必为零,这就是所谓的“零和。在社会的方方面面都有与“零和游戏”相类以的局面,胜利者的光荣后面往往隐蔽着失败者的辛酸和苦涩。但20世纪以来,“零和游戏""的观念正逐斩被""非乍零和游戏”所代替,从“零和”走向""双嬴”。矛盾双方有复杂的相互关系,以下关于矛盾关系的说法正确的有(）",矛盾双方存在相互依存、相互贯通的属性,"矛盾的特殊性要求我们“具体问题具体分析""",矛盾双方的斗争带来事物的量变,矛盾双方的斗争最终导致事物的质变,,,,
202,AC,"36.""近水楼台先得月,向日花木易为春”,其中蕴含的哲理是（)",外因是事物变化发展的重要条件,外因只能通过内因才能起作用,外因能够速或者延缓事物的发展变化,事物是变化发展的,,,,
203,ACD,"37.在北方,冬天气候寒冷,从环境条件上来说不利于蔬菜的生长,露天种植西红柿、黄瓜等蔬菜肯定会失败。但是,人们盖起了温室,创造了局部温暖的环境,就可以种菜了。这个故事给我们的启示是()",认识规律是人们改造自然的前提,规舰律是可以通过实践活动创造的,人类可以利用规律来实现自己的目的,人们可以改变规律起作用的条件和形式,,,,
204,AB,"38.“守株待免”是中国古代寓言中━个内涵深刻的故事,故事中的主人公采取""守株”的方法,最终没有能够成功地""待免”。其失败的原因在于（)",没能正确地认识事物之间的规舰律,把事物运动中的偶然当作了必然,混淆了事物现象与本质之间的关系,否定了人的主观能动性的作用,,,,
205,ABD,"39.""如果资本主义的死亡是由科学保证了的,为什么还要费那么大的力气去为它安排葬礼呢?""这种观点的错误在于（)",抹杀了社会规律实现的特点,否认革命在社会质变中的作用,否认历史观上的决定论,否认历史主体的能动作用,,,,
206,CD,"40.2010年4月2日,我国首个目标行器一天百一号流星股从天外回归,结束了长约7年的太空之旅。天宫号回归地球,落于南太平洋中部区域,绝大部分器件在再入大气层过程中烧蚀肖毁。天宫一号的华美谢幕,意味着更精彩的演出即将上演。如今,天官二号早已升空,不久的将来,中国空间站印将建成。这体现出()",新事物在任何时候都能战胜旧事物,矛盾的特殊性离不开普遍性,发展的实质是新事物的产生和旧事物的灭亡,凡是在历史上产生的都会在历史上灭亡,,,,
207,CD,"41.""堰苗助长""却事与愿违,""府丁解牛”则事半功倍。这两个不同结果的寓言故事共同说明的哲学道理是()",不同的人对同一事物有不同的反映,"人具有主能纭动性,可以改变和利用规律",发挥主观能动性必须以尊重规舰律为基础,"物质决定意识,意识对物质有巨大的反作用",,,,
208,AB,"42.近年来,互联网的迅猛发展与普遍接入,使大量数据的获取、聚集、存储、传输、处理、分析等变得越来越便捷,大数据分析成为可能。大数据分析通过对各种不同的联系分别地、具体地加以研究、从海量的数据中找到隐藏的关联,从而帮助各行各业的人们作出正确舶的决定。这表明()",世界是相互联系的统整体,联系具有多样性,事物之间的联系都是人为的,数据是世界普遍联系的基础,,,,
209,CD,"43.2018年10月,美国西尔斯百货正式向法院申请破产保护。这家百年老店曾是美国零售业的标杆、影响了几代美国人的生活。因为受到互联网零售冲击,大量像西尔斯这样的美国传统零售商遭遇了困境。与此同时,互联网经济正全面重新塑造美国零售业格局。据美国媒体报道,如今半数美国家庭都是亚马逊的订阅用户。这一事例给我们的启示有()",出现时间的先后以及形式是否新奇是区别新日事物的根本标志,事物之间的相互否定构成社会发展的动力,━切事物都有它的产生、发展和灭亡,新事物必然战胜I日事物,,,,
210,AC,"44.钱钟书在(国城》中写道:""天下就没有偶然,那不过是化了妆的、戴了面具的必然。”""偶然是化了妆的必然""的哲理在于()",没有纯粹的偶然,偶然和必然产生和形成的原因相同,偶然背后隐藏着必然,偶然是不存在的,,,,
211,BCD,"45.把握事物的可能性,要注意区分()",真实的可能性和虚假的可能性,好的可能性和坏的可可能性,可能性和不可能性,现实的可能性和抽象的可能性,,,,
212,AC,"46.列宁曾经把现象比作河水上面的泡沫,而把本质比作下面的深流。这-比喻形象地说明了本质与现象的关系,以下说法正确的是()",本质只有靠人的理性思维才能把握,"现象离不开本质,但本质可以离开现象","现象是多变的,本质是相对稳定的","真象和本质是同一的,假象和 本质不是同一的",,,,
213,AB,"47.任何事物都有它的内容与形式,都是内容与形式的统一。内容是()",构成事物一切要素的总和,事物存在的基础,各种要素的结构,各种要素的表现方式,,,,
214,ABC,48.内容与形式是从构成要素和表现方式上反映事物的一-对基本范畴。内容与形式的锌证关系是(),内容决定形式,形式对内容有反作用,形式对内容具有相对独立性,同一内容只能通过一种形式来体现,,,,
215,AB,"49.丹麦政府从2016年开始实施""无纸币攻策”，除了医院、药局与邮局等机构外所有零售商家,包括力口油站、服饰店和餐厅等,都已取消收银机,只接受使用信用卡或手机移动支付等电子货币服务。该方案的支持者称,结算少用现金将虽店内安全,削减用于点钞少和存储硬币和纸币的开销。无现金支付不仅可增口效率,且不使用现金,还可以降低犯罪率,断掉了劫匪财路,丹麦的治安问题会得到进步的改善。不过,不容忽视的是,劫案减少的同时,丹麦的信用卡盗刷、欺诈等犯罪行为却正在增多。这一材料说明()",━切现象和过程都包含着矛盾,新事物的成长要经历━个曲折的过程,必然为偶然开辟道路,矛盾的斗争性始终处于主要的方面,,,,
216,ABD,"50.据媒体暴科,日前某事业单位的公开招聘中,笔试、面试均为第一的硕士却被人社局拒录,理由令人哭笑不得:报考者所学的”比较文学与世界文学""属于“中国语言文学类""但不是招聘要求的""中国语言文学""，""差一个字都不行""。此前在山西省吕梁市的事业单位招聘中也出现过""世界史不是历史学”的笑话。""白马非马”式招聘使政府公信力受损。从哲学上讲,""白马非马”式招聘的错误在于割裂了(）",一般和个别的关系,共性和个性的关系,整体和部分的关系,普遍和特殊的关系,,,,
